keyword	volume	competition	cpc_low	cpc_high
tidio	6600	MEDIUM	6.44	120.21
post scheduling for instagram	6600	LOW	6.55	59.63
scheduling tool for instagram	2900	LOW	9.38	87.74
manychat pricing	2400	MEDIUM	1.45	40.66
many chat pricing	2400	MEDIUM	1.45	40.66
tidio app	1900	LOW	19.67	76.75
wati	1900	MEDIUM	4.85	133.82
sendpulse	1600	MEDIUM	3.31	50.82
chatfuel	1300	MEDIUM	1.47	30.33
chatfuelbot	1300	MEDIUM	1.47	30.33
landbot	880	MEDIUM	7.59	78.79
respond io	590	MEDIUM	5.58	104.37
tidio live chat	590	LOW	18.07	217.58
tidio chatbot	590	MEDIUM	15.38	183.81
tidiolivechat	590	LOW	18.07	217.58
is manychat free	590	LOW	1.36	31.42
is many chat free	590	LOW	1.36	31.42
tidio ai	390	MEDIUM	20.32	184.26
botpenguin	320	MEDIUM	16.64	70.00
tidio chat	260	LOW	8.23	159.27
tidio login	260	LOW	0.45	117.98
scheduling app for instagram	260	LOW	6.41	44.96
schedule instagram posts app	260	LOW	5.38	20.92
tidio ai chatbot	210	MEDIUM	9.39	229.85
many chat cost	210	MEDIUM	1.49	37.53
manychat cost	210	MEDIUM	1.49	37.53
omnichannel messaging platform	210	LOW	41.54	150.50
manychat review	170	LOW	5.54	67.72
unified inbox	170	MEDIUM	14.16	50.90
outlook unified inbox	170	LOW	0.00	0.00
unified mailbox outlook	170	LOW	0.00	0.00
instachamp	140	MEDIUM	25.47	123.56
tidio pricing	140	MEDIUM	13.46	111.42
chatrace	140	LOW	2.17	49.68
customer messaging platform	140	MEDIUM	63.73	291.54
tidio com	110	LOW	3.97	51.73
manychat vs chatfuel	110	LOW	15.93	74.71
chatfuel vs manychat	110	LOW	15.93	74.71
manybot	110	LOW	12.69	66.10
wati whatsapp	110	MEDIUM	7.51	136.61
thunderbird combined inbox	110	LOW	0.00	0.00
thunderbird unified inbox	110	LOW	0.00	0.00
tidio alternatives	90	LOW	51.19	170.90
chatfuel pricing	90	LOW	1.17	67.67
tidio live chat app	90	LOW	0.00	0.00
manychat pro price	90	LOW	1.98	16.83
sendpulse login	90	MEDIUM	3.31	50.21
gmail unified inbox	90	LOW	14.40	107.78
best customer messaging platform	90	LOW	0.00	0.00
unified inbox app	90	LOW	20.73	72.26
instagram bot software	90	MEDIUM	5.30	16.07
unified gmail inbox	90	LOW	14.40	107.78
tidio review	70	MEDIUM	54.45	357.45
land bot io	70	LOW	11.60	154.73
landbot io	70	LOW	11.60	154.73
manychat tutorial	70	LOW	2.13	33.72
manychat com pricing	70	MEDIUM	1.44	39.85
bot penguin	70	MEDIUM	11.78	61.82
sendpulse com	70	LOW	3.31	62.18
best app to schedule instagram posts	70	MEDIUM	5.11	56.73
master inbox	70	LOW	21.44	60.20
respond io pricing	50	LOW	6.55	102.42
landbot ai	50	HIGH	6.50	97.51
chatfuel login	50	LOW	0.51	135.57
manychat pricing plan	50	LOW	1.51	33.99
wati pricing	50	MEDIUM	4.46	97.07
social media inbox management	50	LOW	20.04	95.54
social inbox tool	50	LOW	26.28	204.90
conversational messaging platform	50	LOW	0.00	0.00
real time chat platform	50	LOW	0.00	0.00
chatfuel ai	40	HIGH	15.10	75.81
chatfuel chatbot	40	LOW	0.00	0.00
tidio free plan	40	LOW	10.82	130.98
chatfuel com	40	LOW	0.25	74.51
best instagram automation tool	40	LOW	21.73	60.90
best app to schedule instagram posts free	40	MEDIUM	4.12	19.40
gmail combined inbox	40	LOW	0.00	0.00
combined inbox gmail	40	LOW	0.00	0.00
sprout social smart inbox	40	LOW	0.00	0.00
tidio competitors	30	MEDIUM	22.58	60.84
landbot pricing	30	HIGH	0.00	0.00
tidio shopify	30	MEDIUM	13.13	83.46
landbot chatbot	30	MEDIUM	13.18	174.25
tidio chatbot pricing	30	LOW	0.00	0.00
tidio customer service	30	MEDIUM	13.32	357.45
tidio mailchimp integration	30	LOW	0.00	0.00
manychat vs	30	HIGH	15.70	66.54
sendpulse pricing	30	MEDIUM	3.31	139.90
send pulse pricing	30	MEDIUM	3.31	139.90
instagram automation software	30	LOW	12.64	26.12
sms customer service software	30	LOW	0.00	0.00
best post scheduler for instagram	30	LOW	4.92	31.18
unified email inbox	30	MEDIUM	9.02	44.20
superhuman unified inbox	30	LOW	12.00	40.11
unified mailbox	30	LOW	6.02	70.72
automation software for instagram	30	LOW	12.64	26.12
social media inbox tools	30	LOW	0.00	0.00
land bot	20	MEDIUM	2.93	146.66
tidio download	20	MEDIUM	4.46	36.25
chatfuel alternatives	20	HIGH	0.00	0.00
tidio integrations	20	MEDIUM	0.00	0.00
tidio plans	20	LOW	0.00	0.00
tidio demo	20	HIGH	0.00	0.00
tidio sign in	20	LOW	0.00	0.00
tidio support	20	MEDIUM	10.22	222.64
landbot app	20	LOW	0.00	0.00
tidio api	20	MEDIUM	7.73	64.46
tidio wordpress plugin	20	HIGH	6.37	48.16
tidio chat plugin	20	LOW	0.00	0.00
instachamp by mobilemonkey	20	LOW	11.71	99.00
landbot examples	20	LOW	0.00	0.00
tidio gmail integration	20	LOW	0.00	0.00
tidio klaviyo integration	20	LOW	0.00	0.00
tidio live chat plugin	20	LOW	0.00	0.00
tidio slack integration	20	LOW	0.00	0.00
wa ti	20	LOW	0.00	0.00
manyrobot	20	LOW	0.00	0.00
social media inbox	20	LOW	5.48	50.56
social inbox	20	MEDIUM	21.27	52.90
hootsuite inbox	20	LOW	30.86	94.22
omnichannel chat platform	20	HIGH	0.00	0.00
microsoft outlook unified inbox	20	LOW	0.00	0.00
landbot whatsapp	10	HIGH	0.00	0.00
chatfuel whatsapp	10	MEDIUM	19.30	53.23
tidio sign up	10	MEDIUM	11.19	194.99
respond io whatsapp	10	MEDIUM	12.17	70.31
tidio communicator	10	—	0.00	0.00
chatbot tidio	10	HIGH	10.73	63.31
chatfuel dashboard	10	MEDIUM	0.00	0.00
tidio bot	10	—	0.00	0.00
tidio chat wordpress	10	—	0.00	0.00
tidio ticketing	10	LOW	0.00	0.00
tidio cost	10	HIGH	9.27	146.46
tidio wordpress	10	MEDIUM	0.00	0.00
tidio chat pricing	10	—	0.00	0.00
tidio support bot	10	—	0.00	0.00
chatfuel bot	10	—	0.00	0.00
tidio live	10	—	0.00	0.00
tidio free	10	HIGH	17.07	161.36
tidio live chat wordpress	10	—	0.00	0.00
tidio live chat shopify	10	—	0.00	0.00
tidio woocommerce	10	HIGH	0.00	0.00
tidio zapier	10	—	0.00	0.00
tidio com login	10	MEDIUM	0.00	0.00
tidio live chat pricing	10	LOW	0.00	0.00
tidio live chat login	10	LOW	0.00	0.00
tidio plugin	10	MEDIUM	0.00	0.00
tidio chat login	10	LOW	0.00	0.00
landbot alternative	10	HIGH	0.00	0.00
zapier tidio	10	LOW	0.00	0.00
live chat tidio	10	—	0.00	0.00
tidio chat api	10	—	0.00	0.00
tidio chat app	10	HIGH	0.00	0.00
io respond	10	HIGH	0.00	0.00
landbot pro	10	MEDIUM	0.00	0.00
download tidio	10	MEDIUM	0.00	0.00
landbot whatsapp pricing	10	—	0.00	0.00
chatfuel facebook	10	MEDIUM	0.00	0.00
chatbot landbot	10	—	0.00	0.00
tidio help	10	—	0.00	0.00
powered by tidio	10	MEDIUM	28.65	50.48
tidio chat review	10	—	0.00	0.00
tidio knowledge base	10	—	0.00	0.00
respond io workflow	10	—	0.00	0.00
tidio plugin wordpress	10	HIGH	0.00	0.00
tidio crm	10	MEDIUM	0.00	0.00
tidio for wordpress	10	HIGH	0.00	0.00
tidio website	10	HIGH	0.00	0.00
chatfuel competitors	10	—	0.00	0.00
chatfuel free	10	MEDIUM	0.00	0.00
tidio chat com	10	MEDIUM	0.00	0.00
tidio chatbot templates	10	LOW	0.00	0.00
www tidio com login	10	MEDIUM	0.00	0.00
chatfuel messenger	10	MEDIUM	0.00	0.00
chatfuel integrations	10	—	0.00	0.00
tidio chatbot wordpress	10	—	0.00	0.00
tidio chatbot review	10	HIGH	0.00	0.00
tidio chat free	10	—	0.00	0.00
tidio shopify app	10	LOW	0.00	0.00
landbot io pricing	10	—	0.00	0.00
tidio app shopify	10	—	0.00	0.00
tidio squarespace	10	LOW	0.00	0.00
app landbot	10	LOW	0.00	0.00
app landbot io	10	HIGH	0.00	0.00
app tidio	10	—	0.00	0.00
chat fuel com	10	—	0.00	0.00
chat landbot	10	HIGH	0.00	0.00
chatfuel account	10	LOW	0.00	0.00
chatfuel alternatives free	10	—	0.00	0.00
chatfuel apk	10	LOW	0.00	0.00
chatfuel app	10	—	0.00	0.00
chatfuel ceo	10	LOW	0.00	0.00
chatfuel crunchbase	10	—	0.00	0.00
chatfuel documentation	10	—	0.00	0.00
chatfuel download	10	HIGH	0.00	0.00
chatfuel features	10	MEDIUM	0.00	0.00
chatfuel flows	10	—	0.00	0.00
chatfuel for telegram	10	MEDIUM	0.00	0.00
chatfuel instagram	10	HIGH	0.00	0.00
chatfuel revenue	10	LOW	0.00	0.00
chatfuel reviews	10	LOW	0.00	0.00
chatfuel shopify	10	—	0.00	0.00
chatfuel status	10	—	0.00	0.00
chatfuel templates	10	—	0.00	0.00
chatfuel wordpress	10	—	0.00	0.00
dashboard chatfuel	10	—	0.00	0.00
dashboard chatfuel com	10	—	0.00	0.00
download tidio app for windows	10	—	0.00	0.00
facebook chatfuel	10	—	0.00	0.00
https chatfuel com	10	MEDIUM	0.00	0.00
https landbot io	10	—	0.00	0.00
https www tidio com	10	HIGH	0.00	0.00
https www tidio com login	10	LOW	0.00	0.00
instachamp app	10	LOW	0.00	0.00
instachamp appsumo	10	—	0.00	0.00
instachamp io	10	—	0.00	0.00
instachamp lifetime deal	10	—	0.00	0.00
instachamp login	10	LOW	0.00	0.00
instachamp mobilemonkey	10	LOW	0.00	0.00
landbot airtable	10	—	0.00	0.00
landbot chat	10	—	0.00	0.00
landbot company	10	—	0.00	0.00
landbot cost	10	—	0.00	0.00
landbot crunchbase	10	—	0.00	0.00
landbot demo	10	MEDIUM	0.00	0.00
landbot facebook messenger	10	—	0.00	0.00
landbot features	10	—	0.00	0.00
landbot free	10	—	0.00	0.00
landbot google sheets	10	—	0.00	0.00
landbot hubspot	10	—	0.00	0.00
landbot lifetime deal	10	—	0.00	0.00
landbot site	10	MEDIUM	0.00	0.00
landbot wordpress	10	—	0.00	0.00
landbot zapier	10	—	0.00	0.00
landbot zapier integration	10	—	0.00	0.00
landing bot	10	—	0.00	0.00
login tidio	10	—	0.00	0.00
respond io logo	10	LOW	0.00	0.00
respond it io	10	—	0.00	0.00
tidio basic plan	10	—	0.00	0.00
tidio blog	10	LOW	0.00	0.00
tidio chat download	10	—	0.00	0.00
tidio chat shopify	10	HIGH	0.00	0.00
tidio chat wordpress plugin	10	MEDIUM	0.00	0.00
tidio crunchbase	10	LOW	0.00	0.00
tidio dashboard	10	MEDIUM	0.00	0.00
tidio download windows	10	LOW	0.00	0.00
tidio features	10	HIGH	8.41	301.01
tidio for mac	10	LOW	0.00	0.00
tidio for windows	10	LOW	0.00	0.00
tidio glassdoor	10	LOW	0.00	0.00
tidio google analytics	10	—	0.00	0.00
tidio google tag manager	10	—	0.00	0.00
tidio hubspot	10	MEDIUM	0.00	0.00
tidio integration	10	MEDIUM	0.00	0.00
tidio klaviyo	10	—	0.00	0.00
tidio live chat & chatbots	10	HIGH	0.00	0.00
tidio live chat our favorite	10	—	0.00	0.00
tidio live chat review	10	—	0.00	0.00
tidio mac	10	—	0.00	0.00
tidio mailchimp	10	HIGH	0.00	0.00
tidio messenger	10	—	0.00	0.00
tidio react	10	LOW	0.00	0.00
tidio registration	10	—	0.00	0.00
tidio slack	10	—	0.00	0.00
tidio web	10	HIGH	0.00	0.00
tidio windows	10	—	0.00	0.00
tidio windows app	10	—	0.00	0.00
tidio wix	10	MEDIUM	0.00	0.00
tidio wordpress integration	10	LOW	0.00	0.00
tidio zendesk	10	HIGH	0.00	0.00
whatsapp landbot	10	—	0.00	0.00
woocommerce chatfuel	10	—	0.00	0.00
wordpress tidio	10	HIGH	0.00	0.00
www chatfuel com	10	—	0.00	0.00
www tidio	10	—	0.00	0.00
www tidio com	10	—	0.00	0.00
manychat whatsapp pricing	10	MEDIUM	0.00	0.00
tidio vs manychat	10	HIGH	0.00	0.00
manychat sms pricing	10	LOW	0.00	0.00
manychat vs tidio	10	HIGH	0.00	0.00
pricing manychat	10	MEDIUM	1.95	50.69
landbot vs manychat	10	—	0.00	0.00
chatfuel vs manychat vs mobilemonkey	10	HIGH	0.00	0.00
conversiobot vs manychat	10	—	0.00	0.00
many chat reviews	10	LOW	0.00	0.00
many chat tutorial	10	—	0.00	0.00
manychat agency pricing	10	LOW	0.00	0.00
manychat tutorial 2021	10	—	0.00	0.00
manychat tutorial pdf	10	LOW	0.00	0.00
manychat vs intercom	10	—	0.00	0.00
manychat vs mobilemonkey	10	LOW	0.00	0.00
mobile monkey vs manychat	10	—	0.00	0.00
mobilemonkey vs manychat	10	—	0.00	0.00
tutorial manychat	10	—	0.00	0.00
wati whatsapp pricing	10	—	0.00	0.00
sendpulse chatbot	10	MEDIUM	0.00	0.00
wati pricing india	10	—	0.00	0.00
wati software	10	LOW	0.00	0.00
wati india	10	MEDIUM	0.00	0.00
sendpulse whatsapp	10	—	0.00	0.00
wati ai	10	HIGH	11.50	49.48
wati for whatsapp	10	HIGH	5.25	111.04
wati charges	10	—	0.00	0.00
wati shopify	10	—	0.00	0.00
sendpulse sign up	10	HIGH	0.00	0.00
sendpulse chatbot whatsapp	10	—	0.00	0.00
wati woocommerce	10	LOW	0.00	0.00
login sendpulse	10	LOW	0.00	0.00
sendpulse whatsapp chatbot	10	—	0.00	0.00
wati by clare ai	10	—	0.00	0.00
wati shop	10	—	0.00	0.00
sendpulse zapier	10	—	0.00	0.00
sendpulse wordpress	10	—	0.00	0.00
chatrace com	10	MEDIUM	0.00	0.00
chatrace lifetime deal	10	—	0.00	0.00
chatrace pricing	10	MEDIUM	0.00	0.00
chatrace whatsapp	10	—	0.00	0.00
laravel sendpulse	10	—	0.00	0.00
login sendpulse com	10	—	0.00	0.00
many bot telegram	10	LOW	0.00	0.00
manybot alternative telegram	10	—	0.00	0.00
manybot pricing	10	—	0.00	0.00
send pulse com	10	HIGH	0.00	0.00
send pulse login	10	LOW	0.00	0.00
sendpulse download	10	—	0.00	0.00
sendpulse me	10	—	0.00	0.00
sendpulse telegram	10	LOW	0.00	0.00
sendpulse woocommerce	10	—	0.00	0.00
telegram manybot	10	LOW	0.00	0.00
wati by clare	10	—	0.00	0.00
wati com	10	MEDIUM	3.58	56.24
wati facebook	10	LOW	0.00	0.00
wati hubspot	10	—	0.00	0.00
wati linkedin	10	LOW	0.00	0.00
wati series b	10	—	0.00	0.00
wati store	10	LOW	0.00	0.00
wordpress sendpulse	10	—	0.00	0.00
www sendpulse	10	MEDIUM	0.00	0.00
www sendpulse com	10	HIGH	0.00	0.00
www wati	10	LOW	0.00	0.00
zapier sendpulse	10	—	0.00	0.00
instagram auto post app	10	MEDIUM	3.00	20.92
best social media scheduler for instagram	10	HIGH	0.00	0.00
best scheduler for instagram	10	HIGH	0.00	0.00
intercom chat app	10	MEDIUM	0.00	0.00
scheduling apps for instagram	10	HIGH	0.00	0.00
best tool to schedule instagram posts	10	HIGH	11.98	63.57
best platform to schedule instagram posts	10	—	0.00	0.00
scheduling app instagram	10	MEDIUM	0.00	0.00
messaging zendesk	10	MEDIUM	0.00	0.00
scheduling tool instagram	10	—	0.00	0.00
best free app to schedule instagram posts	10	HIGH	5.15	16.39
best instagram automation	10	—	0.00	0.00
automated instagram post app	10	LOW	0.00	0.00
software to schedule instagram posts	10	HIGH	23.83	76.10
unified social inbox	10	HIGH	34.15	65.95
best program for scheduling instagram posts	10	MEDIUM	0.00	0.00
best tool for scheduling instagram posts	10	HIGH	11.98	63.57
best app for scheduling instagram stories	10	LOW	0.00	0.00
apps that let you schedule instagram posts	10	HIGH	0.00	0.00
zendesk facebook messenger	10	—	0.00	0.00
best program to schedule instagram posts	10	—	0.00	0.00
best app schedule instagram posts	10	—	0.00	0.00
best free instagram automation tool	10	MEDIUM	8.20	33.80
best scheduling instagram app	10	—	0.00	0.00
best automated instagram tool	10	—	0.00	0.00
email client with unified inbox	10	MEDIUM	5.27	11.00
schedule instagram posts in app	10	LOW	0.00	0.00
best platform for scheduling instagram posts	10	LOW	0.00	0.00
apps to help schedule instagram posts	10	MEDIUM	0.00	0.00
best free post scheduler for instagram	10	—	0.00	0.00
sprout social inbox	10	LOW	0.00	0.00
combined inbox	10	LOW	0.00	0.00
app where you can schedule instagram posts	10	HIGH	0.00	0.00
spark unified inbox	10	—	0.00	0.00
agorapulse inbox	10	LOW	0.00	0.00
airmail unified inbox	10	—	0.00	0.00
aol unified inbox style	10	LOW	0.00	0.00
best app to schedule instagram post	10	HIGH	0.00	0.00
best automation for instagram	10	—	0.00	0.00
best social media inbox tools	10	LOW	0.00	0.00
bluemail unified inbox	10	LOW	0.00	0.00
central inbox	10	LOW	0.00	0.00
contextual customer messaging platform	10	LOW	0.00	0.00
customer messaging platform for startups	10	—	0.00	0.00
customer service messaging platform	10	LOW	0.00	0.00
customer service platform messaging	10	—	0.00	0.00
evolution mail unified inbox	10	LOW	0.00	0.00
freshdesk instagram messages	10	—	0.00	0.00
gmail app combined inbox	10	LOW	0.00	0.00
gmail unified inbox web	10	LOW	0.00	0.00
hootsuite inbox is used for	10	LOW	0.00	0.00
in hootsuite inbox you can view	10	LOW	0.00	0.00
instagram bot program	10	—	0.00	0.00
mautic instagram	10	LOW	0.00	0.00
messaging apps for customer service	10	—	0.00	0.00
office 365 unified inbox	10	—	0.00	0.00
outlook 2016 unified inbox	10	—	0.00	0.00
outlook 2019 unified inbox	10	—	0.00	0.00
outlook 2021 unified inbox	10	LOW	0.00	0.00
outlook 365 unified inbox	10	LOW	0.00	0.00
outlook universal inbox	10	LOW	0.00	0.00
outlook windows unified inbox	10	LOW	0.00	0.00
schedule instagram posts app free	10	—	0.00	0.00
scheduling software for instagram	10	—	0.00	0.00
smart inbox sprout social	10	LOW	0.00	0.00
sprout smart inbox	10	LOW	0.00	0.00
unified email inbox outlook	10	—	0.00	0.00
unified inbox android	10	LOW	0.00	0.00
unified inbox in outlook	10	LOW	0.00	0.00
unified inbox in outlook 365	10	—	0.00	0.00
unified inbox outlook 365	10	LOW	0.00	0.00
unified inbox outlook windows	10	LOW	0.00	0.00
unified outlook inbox	10	LOW	0.00	0.00
use unified email for this account	10	—	0.00	0.00
2022 tidio live chat	0	—	0.00	0.00
chatfuel bot telegram	0	—	0.00	0.00
landbot support	0	—	0.00	0.00
clever messenger vs manychat	0	—	0.00	0.00
jay gregorio manychat tutorial	0	—	0.00	0.00
manychat tutorial 2022	0	—	0.00	0.00
wati whatsapp shop	0	—	0.00	0.00
whatsapp shop wati	0	—	0.00	0.00
chatbot sendpulse	0	—	0.00	0.00
amocrm sendpulse	0	—	0.00	0.00
s7706741 sendpul se	0	—	0.00	0.00
sendpulse laravel	0	—	0.00	0.00
sendpulse opencart	0	—	0.00	0.00
best instagram automation 2022	0	—	0.00	0.00
optimal instagram bot	0	—	0.00	0.00
outlook unified inbox 2021	0	—	0.00	0.00
outlook unified inbox 2022	0	—	0.00	0.00
schedule instagram posts best app	0	—	0.00	0.00
unified inbox outlook 2022	0	—	0.00	0.00